{
  "manifest.json": 1728895533044,
  "model/models.js": 1728545320838,
  "utils/locate-reuse-libs.js": 1728545320838,
  "controller/processtask-ui-module.controller.js": 1728545320846,
  "controller/App.controller.js": 1728545615050,
  "i18n/i18n.properties": 1728545320834,
  "Component.js": 1728624731631,
  "Component-dbg.js": 1728624731631,
  "Component.js.map": 1728895533244,
  "utils/locate-reuse-libs-dbg.js": 1728545320838,
  "utils/locate-reuse-libs.js.map": 1728895533251,
  "controller/processtask-ui-module-dbg.controller.js": 1728545320846,
  "controller/processtask-ui-module.controller.js.map": 1728895533234,
  "controller/App-dbg.controller.js": 1728545615050,
  "controller/App.controller.js.map": 1728895533261,
  "model/models-dbg.js": 1728545320838,
  "model/models.js.map": 1728895533236,
  "Component-preload.js": 1728895533441,
  "Component-preload.js.map": 1728895533441,
  "view/fragment/uploadfile.fragment.xml": 1728560813591,
  "view/processtask-ui-module.view.xml": 1728545488618,
  "view/App.view.xml": 1728545482486,
  "css/style.css": 1728545320842,
  "index.html": 1728545320834
}