{
  "model/models.js": 1728393991069,
  "i18n/i18n.properties": 1728394005101,
  "controller/form3.controller.js": 1728538025382,
  "controller/RequestForm.controller.js": 1728484345807,
  "controller/App.controller.js": 1728393991069,
  "manifest.json": 1728541957923,
  "Component.js": 1728393991065,
  "Component-dbg.js": 1728393991065,
  "Component.js.map": 1728541958074,
  "controller/form3-dbg.controller.js": 1728538025382,
  "controller/form3.controller.js.map": 1728541958085,
  "controller/RequestForm-dbg.controller.js": 1728484345807,
  "controller/RequestForm.controller.js.map": 1728541958107,
  "controller/App-dbg.controller.js": 1728393991069,
  "controller/App.controller.js.map": 1728541958066,
  "model/models-dbg.js": 1728393991069,
  "model/models.js.map": 1728541958068,
  "Component-preload.js": 1728541958331,
  "Component-preload.js.map": 1728541958331,
  "view/fragment/uploadfile.fragment.xml": 1728541234700,
  "view/form3.view.xml": 1728471794881,
  "view/RequestForm.view.xml": 1728395238076,
  "view/App.view.xml": 1728393991073,
  "css/style.css": 1728393991069,
  "index.html": 1728393991065
}