{
  "view/SupplierTable.view.xml": 1728891719123,
  "controller/App.controller.js": 1728393991069,
  "controller/form3.controller.js": 1728538025382,
  "controller/SupplierTable.controller.js": 1728891849459,
  "controller/RequestForm.controller.js": 1728484345807,
  "model/models.js": 1728393991069,
  "manifest.json": 1728895528990,
  "Component.js": 1728645503531,
  "controller/form3-dbg.controller.js": 1728538025382,
  "controller/form3.controller.js.map": 1728895529168,
  "controller/App-dbg.controller.js": 1728393991069,
  "controller/App.controller.js.map": 1728895529149,
  "controller/SupplierTable-dbg.controller.js": 1728891849459,
  "controller/SupplierTable.controller.js.map": 1728895529149,
  "controller/RequestForm-dbg.controller.js": 1728484345807,
  "controller/RequestForm.controller.js.map": 1728895529190,
  "model/models-dbg.js": 1728393991069,
  "model/models.js.map": 1728895529151,
  "Component-dbg.js": 1728645503531,
  "Component.js.map": 1728895529152,
  "Component-preload.js": 1728895529412,
  "Component-preload.js.map": 1728895529413,
  "view/fragment/uploadfile.fragment.xml": 1728891416974,
  "view/form3.view.xml": 1728471794881,
  "i18n/i18n.properties": 1728394005101,
  "view/RequestForm.view.xml": 1728395238076,
  "view/App.view.xml": 1728393991073,
  "css/style.css": 1728393991069,
  "index.html": 1728393991065
}