{
  "controller/RequestForm.controller.js.map": 1728496065025,
  "controller/form3.controller.js": 1728483230763,
  "model/models.js": 1728393991069,
  "controller/RequestForm.controller.js": 1728484345807,
  "controller/App.controller.js": 1728393991069,
  "manifest.json": 1728496064874,
  "Component.js": 1728393991065,
  "Component-dbg.js": 1728393991065,
  "Component.js.map": 1728496064999,
  "model/models-dbg.js": 1728393991069,
  "model/models.js.map": 1728496064986,
  "controller/RequestForm-dbg.controller.js": 1728484345807,
  "i18n/i18n.properties": 1728394005101,
  "controller/App-dbg.controller.js": 1728393991069,
  "controller/App.controller.js.map": 1728496064985,
  "controller/form3-dbg.controller.js": 1728483230763,
  "controller/form3.controller.js.map": 1728496065005,
  "Component-preload.js": 1728496065109,
  "Component-preload.js.map": 1728496065109,
  "view/fragment/uploadfile.fragment.xml": 1728395049168,
  "view/form3.view.xml": 1728471794881,
  "view/RequestForm.view.xml": 1728395238076,
  "view/App.view.xml": 1728393991073,
  "css/style.css": 1728393991069,
  "index.html": 1728393991065
}